File Path,CTE Count,DBLink Count,Table Count,Column Count,Asterisk Count,Parallel Hint Count,Materialize Hint Count,Hard Coded Date Count,Line Count,Columns in Final SELECT
D:\Brodie\Tableau_Custom_SQL\tableau_custom_sql\sql_queries\TK-DEV\WM-Operations Program Overview WM tab TST version\8f411ae6-37dc-4d65-94fa-ebb6a58c897f.sql,19,0,169,233,37,11,5,358,2268,"['pat.PAT_ID', 'fin.PAT_MRN_ID', 'pat.PAT_NAME', 'fin.BIRTH_DATE', 'fin.""AGE""', 'lang.NAME                 PREFERRED_LANGUAGE', 'sex.NAME                  AS GENDER', 'eth.NAME                  AS ETHNICITY', 'zrace.NAME                AS RACE', 'pat.EMAIL_ADDRESS', 'pat.HOME_PHONE', 'pat.ADD_LINE_1', 'pat.ADD_LINE_2', 'pat.CITY', 'state.NAME                AS STATE', 'pat.ZIP                   PAT_ZIP_CODE', 'cnty.NAME                 PARISH_NAME', 'lat.ADDRESS_DETAILS_VAL   ADDR_LATITUDE', 'lon.ADDRESS_DETAILS_VAL   ADDR_LONGITUDE', ""CASE WHEN myc.MYCHART_STATUS_C = 1\n      THEN 'ACTIVE'\n      ELSE 'NOT ACTIVE'\n      END                                                      MYCHART_STATUS"", 'cvg.CURRENT_COVERAGE_FINANCIAL_CLASS', 'cvg.CURRENT_COVERAGE_PAYOR_NAME', 'cvg.CURRENT_COVERAGE_PLAN_NAME\n--,fin.RDT_ID\n--,fin.REGISTRY_SERIES_NUM\n', 'fin.EPISODE_ID', 'fin.PROGRAM_STAGE', 'fin.PROGRAM_TYPE', 'fin.WM_MANAGED_MED', 'fin.PROGRAM_NAME', 'fin.REG_ACTIVE_DATE\n--,fin.REG_INACTIVE_DATE\n', 'fin.ENROLLED_START_DATE\n--,fin.ENROLLED_END_DATE\n--,fin.PREVIOUS_REG_INACTIVE_DATE\n', 'fin.ATTRIBUTED_PAYOR_NAME', 'fin.ATTRIBUTED_PAYOR_GROUPED', 'fin.HAS_DM_ENROLLING_PROV', 'fin.ATTRIBUTED_PROVIDER_ID', 'fin.ATTRIBUTED_PROVIDER_NAME', 'fin.ATTRIBUTED_PROVIDER_DEP_ID', 'fin.ATTRIBUTED_PROVIDER_DEP_NAME', 'fin.ATTRIBUTED_PROVIDER_LOC_ID', 'fin.ATTRIBUTED_PROVIDER_LOC_NAME', 'fin.ATTRIBUTED_PROVIDER_REGION', 'fin.ATTRIBUTED_PROVIDER_SPECIALTY', 'fin.ATTRIBUTED_PROV_DEP_LAT', 'fin.ATTRIBUTED_PROV_DEP_LON', 'fin.ELIGIBLE_AND_ENROLLED', 'fin.HTN_DIGITAL_COACHING_STATUS', 'crt.HEALTH_COACH_ASSIGNED', 'crt.HTN_CLINICIAN_ASSIGNED', 'crt.DM_CLINICIAN_ASSIGNED', 'crt.HLD_CLINICIAN_ASSIGNED', 'crt.COPD_CLINICIAN_ASSIGNED', 'hotm.""HTN Completed Consent but Pending Virtual Visit""', 'hotm.""HTN Episode Start Date""', 'hotm.""Last HTN Enrollment Order Date""', 'hotm.""Last HTN Program Consent Date""', 'hotm.""HTN Onboarding Consent Date""', 'hotm.""Last HTN Opt Out Reason""', 'hotm.""First HTN Device Reading Date""\n--,hotm.""First HTN Patient Entered Reading Date""\n', 'hotm.""Recent HTN Consent First Reading Date""', 'hotm.""First HTN Open Outreach Date""', 'hotm.""HTN Shipped Date""\n--,hotm.""HTN Shipped Date (New)""\n', 'hotm.""Baseline PAM Score""', 'hotm.""Current PAM Score""', 'hotm.""Fullfillment Identifier (HTN)""', 'hotm.""BP Control (Baseline)""', 'hotm.""BP Control (Current)""', 'hotm.""BP Control (Eligibility)""', 'bg7.BP_CONTROL_HEDIS_OUTCOME', 'hotm.""Total Systolic Dropped""', 'hotm.""Total Diastolic Dropped""', 'hotm.""HTN Readings Last 7 Days""', 'hotm.""HTN Readings 0-90 Days""', 'hotm.""HTN Readings 91-180 Days""', 'hotm.""HTN Readings 181-365 Days""', 'hotm.""HTN Readings 366-548 Days""', 'hotm.""HTN Readings 549-730 Days""', 'hotm.""HTN Readings 731-913 Days""', 'rdd.HTN_0_TO_90_READING_DAYS', 'rdd.HTN_91_TO_180_READING_DAYS', 'rdd.HTN_181_TO_365_READING_DAYS', 'rdd.HTN_366_TO_730_READING_DAYS', 'hotm.""90 Day BP Control (New)""', 'hotm.""180 Day BP Control (New)""', 'hotm.""365 Day BP Control (New)""', 'hotm.""730 Day BP Control (New)""', 'hotm.""Average Systolic BP""', 'hotm.""Average Diastolic BP""', 'hotm.""Average Baseline Systolic BP""', 'hotm.""Average Baseline Diastolic BP""', 'hotm.""Tier (HTN)""', 'hotm.""90 Average Baseline Systolic BP""', 'hotm.""90 Average Baseline Diastolic BP""', 'hotm.""180 Average Baseline Systolic BP""', 'hotm.""180 Average Baseline Diastolic BP""', 'hotm.""365 Average Baseline Systolic BP""', 'hotm.""365 Average Baseline Diastolic BP""\n--DIABETES METRICS\n', 'dotm.""DM Completed Consent but Pending Virtual Visit""', 'dotm.""DM Episode Start Date""', 'dotm.""Last DM Enrollment Order Date""', 'dotm.""Last DM Program Consent Date""', 'dotm.""DM Onboarding Consent Date""', 'dotm.""Last DM Opt Out Reason""', 'dotm.""First DM Device Reading Date""\n--,dotm.""First DM Patient Entered Reading Date""\n', 'dotm.""Recent DM Consent First Reading Date""', 'dotm.""First DM Open Outreach Date""', 'dotm.""DM Shipped Date""\n--,dotm.""DM Shipped Date (New)""\n', 'dotm.""Fullfillment Identifier (DM)""', 'dotm.""A1c Control (Eligible)""', 'dotm.""A1c Control (Baseline)""', 'dotm.""A1c Control - Patient Goal (Baseline)""', 'dotm.""A1c Control (Current)""', 'dotm.""A1c Control - Patient Goal (Current)""', 'bg7.A1C_CONTROL_HEDIS_OUTCOME', 'bg7.EYE_EXAM_HEDIS_OUTCOME', 'dotm.""A1c Control (90 Days)""', 'dotm.""A1c Control 180 Days (New)""', 'dotm.""A1c Control 365 Days (New)""', 'dotm.""A1c Control 730 Days (New)""', 'dotm.""HM Compliance - A1c""', 'dotm.""HM Compliance - Eye Exam""', 'dotm.""HM Compliance - Nephropathy""', 'dotm.""DM Distress Score (Earliest)""', 'dotm.""DM Distress Score (Latest)""', 'dotm.""DM Readings Last 7 Days""', 'dotm.""DM Readings 0-90 Days""', 'dotm.""DM Readings 91-180 Days""', 'dotm.""DM Readings 181-365 Days""', 'dotm.""DM Readings 366-548 Days""', 'dotm.""DM Readings 549-730 Days""', 'dotm.""DM Readings 731-913 Days""', 'rdd.DM_0_TO_90_READING_DAYS', 'rdd.DM_91_TO_180_READING_DAYS', 'rdd.DM_181_TO_365_READING_DAYS', 'rdd.DM_366_TO_730_READING_DAYS', 'dotm.""Eligible A1c Result""', 'dotm.""Baseline A1c Result""', 'dotm.""Last A1c Result""', 'dotm.""90 Day A1c Result - Post Start""', 'dotm.""180 Day A1c Result - Post Start""', 'dotm.""365 Day A1c Result - Post Start""', 'dotm.""730 Day A1c Result - Post Start""', 'dotm.""180 Day A1c Result - Post Outreach""', 'dotm.""365 Day A1c Result - Post Outreach""', 'dotm.""Baseline Hypo Event""', 'dotm.""Current Hypo Event""', 'dotm.""Baseline Hyper Event""', 'dotm.""Current Hyper Event""', 'dotm.""Tier (DM)""', 'hldm.""HLD Completed Consent but Pending Virtual Visit""', 'hldm.""HLD Episode Start Date""', 'hldm.""Last HLD Enrollment Order Date""', 'hldm.""HLD Onboarding Consent Date""', 'hldm.""Last HLD Program Consent Date""', 'hldm.""Last HLD Opt Out Reason""', 'hldm.""HLD Frist Outreach Date""', 'hldm.""HLD Baseline LDL""', 'hldm.""HLD 0-180 Day LDL""', 'hldm.""HLD 0-365 Day LDL""', 'hldm.""HLD Current Prevention Status""\n--,wmm.WM_BASE_PROGRAM_ENROLLMENT_DATE\n', 'wmm.WM_FIRST_PATIENT_ENTERED_WEIGHT', 'wmm.WM_FIRST_PATIENT_ENTERED_WEIGHT_DATE', 'wmm.WM_MED_MANAGEMENT_ENROLL_PROV\n--,wmm.WM_MED_MANAGEMENT_ENROLLMENT_DATE\n--,wmm.WM_MEDICATION_MANAGEMENT_ENROLLMENT_DATE\n', 'wmm.WM_MOST_RECENT_BMI', 'wmm.WM_MOST_RECENT_BMI_DATE', 'wmm.WM_MOST_RECENT_WEIGHT', 'wmm.WM_MOST_RECENT_WEIGHT_DATE', 'wmm.WM_NON_COMPLIANT', 'wmm.WM_BASE_PROGRAM_ONLY', 'wmm.WM_EPISODE_START_DATE', 'wmm.WM_340B_ELIGIBLE', 'wmm.WM_PATEINT_IN_PENDING_MEDICATION_PROGRAM_VV', 'wmm.WM_PERCENT_LOSS_SINCE_ENROLLMENT', 'wmm.WM_LBS_LOSS_SINCE_ENROLLMENT', 'wmm.WM_LBS_LOST_YTD', 'wmm.WM_BMI_BREAKDOWN_OF_VV', 'wmm.WM_VV_OUTCOME', 'wmm.WM_GLP1_PATIENT', 'wmm.WM_MED_FAIL', 'wmm.WM_PAT_IN_MED_OPTIMAL_DOSE', 'wmm.WM_PAT_IN_MED_MAINTENANCE', 'CASE WHEN fin.PROGRAM_TYPE = \'HLD\' AND fin.PROGRAM_STAGE = \'ENROLLED\'\n      AND COALESCE(aevnt.TOTAL_EVENT_ENC_COUNT,0) = 0 --Primary prevention = 0 adverse events from the ASCVD Dx grouper\n      AND hldm.""HLD Baseline LDL"" IS NULL\n      THEN \'At Goal\'\n      WHEN fin.PROGRAM_TYPE = \'HLD\' AND fin.PROGRAM_STAGE = \'ENROLLED\'\n      AND COALESCE(aevnt.TOTAL_EVENT_ENC_COUNT,0) >= 1 --Secondary prevention = 1+ adverse events from the ASCVD Dx grouper\n      AND hldm.""HLD Baseline LDL"" IS NULL\n      THEN \'Not At Goal\'\n      WHEN fin.PROGRAM_TYPE = \'HLD\' AND fin.PROGRAM_STAGE = \'ENROLLED\'\n      AND TO_NUMBER(hldm.""HLD Baseline LDL"") < 70 --Johns Hopkins website defines boarderline high LDL as 130-159 mg/dL and high LDL 160+\n      THEN \'At Goal\'\n      WHEN fin.PROGRAM_TYPE = \'HLD\' AND fin.PROGRAM_STAGE = \'ENROLLED\'\n      AND TO_NUMBER(hldm.""HLD Baseline LDL"") >= 70\n      THEN \'Not At Goal\'\n      END                          ""HLD BASELINE CONTROL STATUS""', 'CASE WHEN fin.PROGRAM_TYPE = \'HLD\' AND fin.PROGRAM_STAGE = \'ENROLLED\'\n      AND COALESCE(aevnt.TOTAL_EVENT_ENC_COUNT,0) = 0 --Primary prevention = 0 adverse events from the ASCVD Dx grouper\n      AND hldm.""HLD 0-180 Day LDL"" IS NULL\n      THEN \'At Goal\'\n      WHEN fin.PROGRAM_TYPE = \'HLD\' AND fin.PROGRAM_STAGE = \'ENROLLED\'\n      AND COALESCE(aevnt.TOTAL_EVENT_ENC_COUNT,0) >= 1 --Secondary prevention = 1+ adverse events from the ASCVD Dx grouper\n      AND hldm.""HLD 0-180 Day LDL"" IS NULL\n      THEN \'Not At Goal\'\n      WHEN fin.PROGRAM_TYPE = \'HLD\' AND fin.PROGRAM_STAGE = \'ENROLLED\'\n      AND TO_NUMBER(hldm.""HLD 0-180 Day LDL"") < 70 --Johns Hopkins website defines boarderline high LDL as 130-159 mg/dL and high LDL 160+\n      THEN \'At Goal\'\n      WHEN fin.PROGRAM_TYPE = \'HLD\' AND fin.PROGRAM_STAGE = \'ENROLLED\'\n      AND TO_NUMBER(hldm.""HLD 0-180 Day LDL"") >= 70\n      THEN \'Not At Goal\'\n      END                          ""HLD 180 DAY CONTROL STATUS""', 'CASE WHEN fin.PROGRAM_TYPE = \'HLD\' AND fin.PROGRAM_STAGE = \'ENROLLED\'\n      AND COALESCE(aevnt.TOTAL_EVENT_ENC_COUNT,0) = 0 --Primary prevention = 0 adverse events from the ASCVD Dx grouper\n      AND hldm.""HLD 0-365 Day LDL"" IS NULL\n      THEN \'At Goal\'\n      WHEN fin.PROGRAM_TYPE = \'HLD\' AND fin.PROGRAM_STAGE = \'ENROLLED\'\n      AND COALESCE(aevnt.TOTAL_EVENT_ENC_COUNT,0) >= 1 --Secondary prevention = 1+ adverse events from the ASCVD Dx grouper\n      AND hldm.""HLD 0-365 Day LDL"" IS NULL\n      THEN \'Not At Goal\'\n      WHEN fin.PROGRAM_TYPE = \'HLD\' AND fin.PROGRAM_STAGE = \'ENROLLED\'\n      AND TO_NUMBER(hldm.""HLD 0-365 Day LDL"") < 70 --Johns Hopkins website defines boarderline high LDL as 130-159 mg/dL and high LDL 160+\n      THEN \'At Goal\'\n      WHEN fin.PROGRAM_TYPE = \'HLD\' AND fin.PROGRAM_STAGE = \'ENROLLED\'\n      AND TO_NUMBER(hldm.""HLD 0-365 Day LDL"") >= 70\n      THEN \'Not At Goal\'\n      END                           ""HLD 365 DAY CONTROL STATUS""', 'rdd.HLD_0_TO_90_READING_DAYS', 'rdd.HLD_91_TO_180_READING_DAYS', 'rdd.HLD_181_TO_365_READING_DAYS', 'rdd.HLD_366_TO_730_READING_DAYS', 'bg7.STATIN_THERAPY_HEDIS_OUTCOME', 'bg7.SMOKING_QUIT_RATE_HEDIS_OUTCOME', 'aevnt.BASELINE_1YEAR_EVENT_ENC_COUNT', 'aevnt.BASELINE_90DAY_EVENT_ENC_COUNT', 'aevnt.DAY_0_TO_365_EVENT_ENC_COUNT', 'aevnt.DAY_0_TO_90_EVENT_ENC_COUNT', 'aevnt.DAY_90_TO_180_EVENT_ENC_COUNT', 'aevnt.DAY_180_TO_270_EVENT_ENC_COUNT', 'aevnt.DAY_270_TO_365_EVENT_ENC_COUNT', 'aevnt.DAY_365_TO_545_EVENT_ENC_COUNT', 'aevnt.DAY_545_TO_725_EVENT_ENC_COUNT', 'aevnt.TOTAL_EVENT_ENC_COUNT', 'aevnt.BASELINE_1YEAR_EVENT_PAT_COUNT', 'aevnt.BASELINE_90DAY_EVENT_PAT_COUNT', 'aevnt.DAY_0_TO_365_EVENT_PAT_COUNT', 'aevnt.DAY_0_TO_90_EVENT_PAT_COUNT', 'aevnt.DAY_90_TO_180_EVENT_PAT_COUNT', 'aevnt.DAY_180_TO_270_EVENT_PAT_COUNT', 'aevnt.DAY_270_TO_365_EVENT_PAT_COUNT', 'aevnt.DAY_365_TO_545_EVENT_PAT_COUNT', 'aevnt.DAY_545_TO_725_EVENT_PAT_COUNT', 'aevnt.TOTAL_EVENT_PAT_COUNT', 'aevnt.BASELINE_EVENT_DX_COUNT', 'aevnt.DAY_0_TO_90_EVENT_DX_COUNT', 'aevnt.DAY_90_TO_180_EVENT_DX_COUNT', 'aevnt.DAY_180_TO_365_EVENT_DX_COUNT', 'aevnt.DAY_365_TO_545_EVENT_DX_COUNT', 'aevnt.DAY_545_TO_725_EVENT_DX_COUNT', 'aevnt.TOTAL_EVENT_DX_COUNT', 'CASE WHEN fin.PROGRAM_STAGE = \'ELIGIBLE\'\n      AND fin.ELIGIBLE_AND_ENROLLED IS NULL --Checks to make sure patient is not currently enrolled\n      AND fin.HAS_DM_ENROLLING_PROV = \'YES\' --Checks to make sure the attributed provider is a DM enrolling provider as opposed to just the PCP when the attributed provider is null\n      AND fin.""AGE"" < =80\n      AND fin.ATTRIBUTED_PROVIDER_LOC_ID IS NOT NULL\n      --AND hotm.""BP Control (Eligibility)"" IN (\'Uncontrolled\', \'Not At Goal\')\n      --AND fin.ATTRIBUTED_PROVIDER_REGION = \'OCHSNER REGIONS\' --Partner regions started bein included as of 4/20/2023\n      --AND fin.ATTRIBUTED_PAYOR_GROUPED != \'UHC COMMERCIAL\' --adding all other payors back to actionable opportunity as of 4/20/2023\n      THEN fin.PAT_ID\n--      WHEN fin.PROGRAM_TYPE = \'DM\'\n--      AND fin.PROGRAM_STAGE = \'ELIGIBLE\'\n--      AND fin.ELIGIBLE_AND_ENROLLED IS NULL --Checks to make sure patient is not currently enrolled\n--      AND fin.HAS_DM_ENROLLING_PROV = \'YES\' --Checks to make sure the attributed provider is a DM enrolling provider as opposed to just the PCP when the attributed provider is null\n--      AND fin.""AGE"" < =80\n--      AND fin.ATTRIBUTED_PROVIDER_LOC_ID IS NOT NULL\n      --AND dotm.""A1c Control (Eligible)"" IN (\'Uncontrolled\', \'Not At Goal\')\n      --AND fin.ATTRIBUTED_PROVIDER_REGION = \'OCHSNER REGIONS\' --Partner regions started bein included as of 4/20/2023\n      --AND fin.ATTRIBUTED_PAYOR_GROUPED != \'UHC COMMERCIAL\' --adding all other payors back to actionable opportunity as of 4/20/2023\n--      THEN fin.PAT_ID\n      END                                           ACTIONABLE_OPPORTUNITY_PAT', ""CASE WHEN fin.PROGRAM_STAGE = 'ELIGIBLE'\n      THEN LISTAGG(DISTINCT fin.PROGRAM_TYPE, '-') WITHIN GROUP (ORDER BY fin.REG_ACTIVE_DATE) OVER(PARTITION BY fin.PAT_ID)\n      END                                          ELIGIBLE_FOR_MULTIPLE"", ""CASE WHEN fin.PROGRAM_STAGE = 'ELIGIBLE'\n      THEN COUNT(DISTINCT(fin.PROGRAM_TYPE)) OVER(PARTITION BY fin.PAT_ID, fin.PROGRAM_STAGE)\n      END                                          ELIGIBLE_PROGRAM_COUNT"", ""CASE WHEN fin.PROGRAM_STAGE = 'ONBOARDING'\n      THEN LISTAGG(DISTINCT fin.PROGRAM_TYPE, '-') WITHIN GROUP (ORDER BY fin.REG_ACTIVE_DATE) OVER(PARTITION BY fin.PAT_ID)\n      END                                          ONBOARDING_FOR_MULTIPLE"", ""CASE WHEN fin.PROGRAM_STAGE = 'ONBOARDING'\n      THEN COUNT(DISTINCT(fin.PROGRAM_TYPE)) OVER(PARTITION BY fin.PAT_ID, fin.PROGRAM_STAGE)\n      END                                          ONBOARDING_PROGRAM_COUNT"", ""CASE WHEN fin.PROGRAM_STAGE = 'ENROLLED'\n      THEN LISTAGG(DISTINCT fin.PROGRAM_TYPE, '-') WITHIN GROUP (ORDER BY fin.REG_ACTIVE_DATE) OVER(PARTITION BY fin.PAT_ID)\n      END                                          ENROLLED_FOR_MULTIPLE"", ""CASE WHEN fin.PROGRAM_STAGE = 'ENROLLED'\n      THEN COUNT(DISTINCT(fin.PROGRAM_TYPE)) OVER(PARTITION BY fin.PAT_ID, fin.PROGRAM_STAGE)\n      END                                          ENROLLED_PROGRAM_COUNT"", ""CASE WHEN stn.PRE_ENROLLMENT_LATEST_STATIN_DATE IS NOT NULL\n      THEN 'YES'\n      ELSE 'NO'\n      END                   PRE_ENROLLMENT_ON_STATIN"", 'stn.PRE_ENROLLMENT_LATEST_STATIN_NAME', 'stn.PRE_ENROLLMENT_LATEST_STATIN_DATE', 'stn.PRE_ENROLLMENT_STATIN_INTENSITY', ""CASE WHEN stn.POST_ENROLLMENT_LATEST_STATIN_DATE IS NOT NULL\n      THEN 'YES'\n      ELSE 'NO'\n      END                   POST_ENROLLMENT_ON_STATIN"", 'stn.POST_ENROLLMENT_LATEST_STATIN_NAME', 'stn.POST_ENROLLMENT_LATEST_STATIN_DATE', 'stn.POST_ENROLLMENT_STATIN_INTENSITY', 'vv.VV_APPT_DATE', 'vv.VV_STATUS', 'glp.WM_GLP1_INTEREST']"
D:\Brodie\Tableau_Custom_SQL\tableau_custom_sql\sql_queries\Digital Medicine Schedule Utilization PROD\Digital Med - Schedule Utilization\2aa4b369-789f-4760-b264-cd6a2ce46252.sql,3,4,11,25,0,0,0,2,263,"['pv.SESSION_ID', 'pv.PAT_ID', 'pv.PAT_MRN_ID', ""'ONBOARDING'"", 'PROTAL_PROGRAM_STAGE', ""CASE WHEN LISTAGG(DISTINCT encn.APPT_NOTE, '^') WITHIN GROUP(ORDER BY encn.LINE) LIKE '%Scheduled via Digital Medicine Enrollment Site%'\n\n    THEN 'YES'\n\n    ELSE 'NO'\n\n    END                             VV_SCHEDULED_IN_PORTAL"", ""CASE WHEN LISTAGG(DISTINCT encn.APPT_NOTE, '^') WITHIN GROUP(ORDER BY encn.LINE) LIKE '%Hypertension%'\n\n      THEN 'HTN'\n\n      WHEN LISTAGG(DISTINCT encn.APPT_NOTE, '^') WITHIN GROUP(ORDER BY encn.LINE) LIKE '%Diabetes%'\n\n      THEN 'DM'\n\n      ELSE 'HTN'\n\n      END                             PORTAL_INTERESTED_PROGRAMS"", 'pv.PORTAL_SESSION_DATE', 'pv.SIGNUP_PAGE_DATE', 'pv.SCHEDULE_VISIT_PAGE_DATE', 'pv.VISIT_CONFIRMATION_PAGE_DATE', 'pv.OUTCOME', 'pv.OUTCOME_DATE', 'MAX(enc.APPT_MADE_DTTM)          VIRTUAL_VISIT_MADE_DATE', 'MAX(enc.PAT_ENC_CSN_ID)', 'KEEP(DENSE_RANK LAST ORDER BY enc.APPT_MADE_DTTM ASC)  VIRTUAL_VISIT_CSN', 'MAX(enc.APPT_DTTM)', 'KEEP(DENSE_RANK LAST ORDER BY enc.APPT_MADE_DTTM ASC)       VIRTUAL_VISIT_APPT_DATE', 'MAX(stat.NAME)', 'KEEP(DENSE_RANK LAST ORDER BY enc.APPT_MADE_DTTM ASC)           VIRTUAL_VISIT_STATUS', 'MAX(crsn.NAME)', 'KEEP(DENSE_RANK LAST ORDER BY enc.APPT_MADE_DTTM ASC)           VIRTUAL_VISIT_CANCEL_REASON', 'pv.UTM_SOURCE', 'pv.UTM_CAMPAIGN', 'pv.UTM_MEDIUM']"
D:\Brodie\Tableau_Custom_SQL\tableau_custom_sql\sql_queries\Digital Medicine DEV\Digital Med - Operations Program Overview\f76c6bec-b3cd-4b22-b31e-e9cbc26f9719.sql,3,4,11,25,0,0,0,2,263,"['pv.SESSION_ID', 'pv.PAT_ID', 'pv.PAT_MRN_ID', ""'ONBOARDING'"", 'PROTAL_PROGRAM_STAGE', ""CASE WHEN LISTAGG(DISTINCT encn.APPT_NOTE, '^') WITHIN GROUP(ORDER BY encn.LINE) LIKE '%Scheduled via Digital Medicine Enrollment Site%'\n\n    THEN 'YES'\n\n    ELSE 'NO'\n\n    END                             VV_SCHEDULED_IN_PORTAL"", ""CASE WHEN LISTAGG(DISTINCT encn.APPT_NOTE, '^') WITHIN GROUP(ORDER BY encn.LINE) LIKE '%Hypertension%'\n\n      THEN 'HTN'\n\n      WHEN LISTAGG(DISTINCT encn.APPT_NOTE, '^') WITHIN GROUP(ORDER BY encn.LINE) LIKE '%Diabetes%'\n\n      THEN 'DM'\n\n      ELSE 'HTN'\n\n      END                             PORTAL_INTERESTED_PROGRAMS"", 'pv.PORTAL_SESSION_DATE', 'pv.SIGNUP_PAGE_DATE', 'pv.SCHEDULE_VISIT_PAGE_DATE', 'pv.VISIT_CONFIRMATION_PAGE_DATE', 'pv.OUTCOME', 'pv.OUTCOME_DATE', 'MAX(enc.APPT_MADE_DTTM)          VIRTUAL_VISIT_MADE_DATE', 'MAX(enc.PAT_ENC_CSN_ID)', 'KEEP(DENSE_RANK LAST ORDER BY enc.APPT_MADE_DTTM ASC)  VIRTUAL_VISIT_CSN', 'MAX(enc.APPT_DTTM)', 'KEEP(DENSE_RANK LAST ORDER BY enc.APPT_MADE_DTTM ASC)       VIRTUAL_VISIT_APPT_DATE', 'MAX(stat.NAME)', 'KEEP(DENSE_RANK LAST ORDER BY enc.APPT_MADE_DTTM ASC)           VIRTUAL_VISIT_STATUS', 'MAX(crsn.NAME)', 'KEEP(DENSE_RANK LAST ORDER BY enc.APPT_MADE_DTTM ASC)           VIRTUAL_VISIT_CANCEL_REASON', 'pv.UTM_SOURCE', 'pv.UTM_CAMPAIGN', 'pv.UTM_MEDIUM']"
D:\Brodie\Tableau_Custom_SQL\tableau_custom_sql\sql_queries\Surgery KPIs PROD\OR Supplies Analysis\2c3be5ac-0a67-4875-b5f2-8a1c35169b8d.sql,0,0,2,4,0,0,0,0,13,"['eq.OR_PROC_ID', 'zc.name as EQUIP_NAME', 'eq.NUM_SURG_EQUIP', 'eq.SRG_EQP_REQ_YN']"
D:\Brodie\Tableau_Custom_SQL\tableau_custom_sql\sql_queries\Connected MOM PROD\Connected MOM Episodes\9d2ab327-4ec6-4c06-94db-f511965ad892.sql,7,0,39,6,4,1,0,3,372,"['pregnancies.""Pregnancy Episode ID""', 'pregnancies.""Pregnancy Episode Start""', 'pregnancies.""Pregnancy Episode End""', 'pregnancies.""Mother EPT""', 'pregnancies.""Mother MRN""', 'crm.*']"
D:\Brodie\Tableau_Custom_SQL\tableau_custom_sql\sql_queries\Revenue Cycle Analytics PROD\Finance_Council_HB_Cash_Aging\2b82a9a2-68c3-436e-80f2-5d8119ee4e79.sql,2,0,13,0,1,2,0,2,142,[]
D:\Brodie\Tableau_Custom_SQL\tableau_custom_sql\sql_queries\Patient Access PROD\Registration Utilization\7211f872-4847-48fa-915c-8b4a1275bbac.sql,18,0,28,82,14,0,0,12,223,"['dep.department_id', 'dep.dept_abbreviation', 'dep.department_name', 'dep.specialty', 'loc.loc_name', 'loc.serv_area_id', 'pat.pat_mrn_id  AS ""MRN""', 'enc.hsp_account_id  ""HAR""', 'pat.pat_id  AS ""Patient ID""', 'pat.pat_name AS ""Patient Name""', 'pat.zip  AS ""Patient Zip""', 'enc.pat_enc_csn_id', 'enc.contact_date', 'status.name  AS ""Appt Status""', 'CASE\n        WHEN enc.visit_prov_id IS NULL THEN\n            \'*Unspecified provider\'\n        ELSE\n            CASE\n                    WHEN apptprov.prov_name IS NOT NULL THEN\n                        apptprov.prov_name\n                    WHEN apptprov.prov_id IS NULL THEN\n                        \'*Unknown provider\'\n                    ELSE\n                        \'*Unnamed provider\'\n            END\n            || \' [\'\n            || enc.visit_prov_id\n            || \']\'\n    END  AS ""Provider OR Resource""', 'enc.is_walk_in_yn  AS ""Walk In""', 'enc4.echkin_status_c', 'echeck.name          AS echkin_status_name', 'enc.appt_time        AS ""Appt DateTime""', 'enc.appt_made_date   AS ""Appt Made DateTime""', 'enc3.begin_checkin_dttm AS ""Appt Arrival DateTime""', 'enc.checkin_time  AS ""Check-In Complete DateTime""', 'enc.appt_cancel_date   AS ""Appt Canceled DateTime""', 'nvl((trunc(enc3.begin_checkin_dttm, \'hh\')), trunc(enc.appt_time, \'hh\'))   ""Arrival Nearest 15 DateTime""', 'trunc(enc.appt_time, \'hh\')                                                ""Scheduled Nearest 15 DateTime""', 'ceil((enc.appt_time - enc.checkin_time) * 24 * 60)    AS ""CheckIn Time Round UP""', 'round((enc.appt_time - enc.checkin_time) * 24 * 60)   AS ""CheckIn Time Round""', '( enc3.begin_checkin_dttm - enc.checkin_time ) * 24 * 60  AS ""CheckIn Time in Mins""', '( enc.appt_time - enc.checkin_time ) * 24 * 60  AS ""CheckIn to Sched Appt in Mins""', 'CASE\n        WHEN enc.appt_entry_user_id IS NULL THEN\n            \'*Unspecified user\'\n        ELSE\n            CASE\n                    WHEN entryemp.user_id IS NULL THEN\n                        \'*Unknown user\'\n                    WHEN entryemp.name IS NULL THEN\n                        \'*Unnamed user\'\n                    ELSE\n                        entryemp.name\n            END\n            || \' [\'\n            || enc.appt_entry_user_id\n            || \']\'\n    END AS ""Entry Person""', ""CASE\n        WHEN enc.contact_date = enc.appt_made_date THEN\n            'Y'\n        ELSE\n            'N'\n    END same_day_yn"", 'enc.checkin_user_id', 'emp.name  AS ""Checkin User Name""', 'enc.check_in_kiosk_id', ""CASE\n        WHEN emp.name LIKE '%KIOSK%' THEN\n            emp.name\n    END AS check_in_kiosk_name"", 'to_number(substr(to_char(nvl((trunc(enc3.begin_checkin_dttm, \'hh\')), trunc(enc.appt_time, \'hh\')), \'YYYYMMDD HH24.MISS\'), 9, 6))   AS ""Arrival Nearest 15 HrMin""', 'to_number(substr(to_char((trunc(enc.appt_time, \'hh\')), \'YYYYMMDD HH24.MISS\'), 9, 6))  AS ""Scheduled Nearest 15 HrMin""', 'CASE\n        WHEN enc.appt_time >= current_date THEN\n            to_number(substr(to_char((trunc(enc.appt_time, \'hh\')), \'YYYYMMDD HH24.MISS\'), 9, 6))\n        WHEN status.name IN ( \'Scheduled\', \'Present\', \'Canceled\', \'No Show\', \'Left without seen\' ) THEN\n            to_number(substr(to_char((trunc(enc.appt_time, \'hh\')), \'YYYYMMDD HH24.MISS\'), 9, 6))\n        WHEN status.name IN ( \'Completed\' ) THEN\n            to_number(substr(to_char(nvl((trunc(enc3.begin_checkin_dttm, \'hh\')), trunc(enc.appt_time, \'hh\')), \'YYYYMMDD HH24.MISS\'),\n            9, 6))\n    END AS ""Date Nearest 15 HrMin""', 'CASE\n        WHEN enc.appt_time >= current_date THEN\n            enc.appt_time\n        WHEN status.name IN ( \'Scheduled\', \'Present\', \'Canceled\', \'No Show\', \'Left without seen\' ) THEN\n            enc.appt_time\n        WHEN status.name IN ( \'Completed\' ) THEN\n            nvl(enc3.begin_checkin_dttm, enc.appt_time)\n    END AS ""Date Nearest 15 Date""', 'dd.day_of_week AS ""Weekday""', ""'Sched'  AS enc_flag"", 'dep.department_id', 'dep.dept_abbreviation', 'dep.department_name', 'dep.specialty', 'loc.loc_name', 'loc.serv_area_id', 'pat.pat_mrn_id                AS ""MRN""', 'enc.hsp_account_id            ""HAR""', 'pat.pat_id                    AS ""Patient ID""', 'pat.pat_name                  AS ""Patient Name""', 'pat.zip                       AS ""Patient Zip""', 'enc.pat_enc_csn_id', 'enc.contact_date', 'conf_stat.name                AS ""Appt Status""', 'NULL                          AS ""Provider OR Resource""', 'NULL                          AS ""Walk In""', 'NULL                          AS echkin_status_c', 'NULL                          AS echkin_status_name', 'coalesce(enc.hosp_admsn_time, enc.exp_admission_time)      AS ""Appt DateTime""', 'coalesce(enc.hosp_admsn_time, enc.exp_admission_time)      AS ""Appt Made DateTime""', 'coalesce(enc.hosp_admsn_time, enc.exp_admission_time)      AS ""Appt Arrival DateTime""', 'coalesce(enc.hosp_admsn_time, enc.exp_admission_time)      AS ""Check-In Complete DateTime""', 'CASE\n        WHEN cancel_user_id IS NOT NULL THEN\n            enc.contact_date\n    END     AS ""Appt Canceled DateTime""', 'NULL    AS ""Arrival Nearest 15 DateTime""', 'NULL    AS ""Scheduled Nearest 15 DateTime""', 'NULL    AS ""CheckIn Time Round UP""', 'NULL    AS ""CheckIn Time Round""', 'NULL    AS ""CheckIn Time in Mins""', 'NULL    AS ""CheckIn to Sched Appt in Mins""', 'NULL    AS ""Entry Person""', 'NULL    AS same_day_yn', 'NULL    AS checkin_user_id', 'NULL    AS ""Checkin User Name""', 'NULL    AS check_in_kiosk_id', 'NULL    AS check_in_kiosk_name', 'to_number(substr(to_char(nvl((trunc(enc.hosp_admsn_time, \'hh\')), trunc(enc.exp_admission_time, \'hh\')), \'YYYYMMDD HH24.MISS\'),\n    9, 6))                                   AS ""Arrival Nearest 15 HrMin""', 'to_number(substr(to_char((trunc(enc.exp_admission_time, \'hh\')), \'YYYYMMDD HH24.MISS\'), 9, 6)) AS ""Scheduled Nearest 15 HrMin""', 'to_number(substr(to_char(nvl((trunc(coalesce(enc.hosp_admsn_time, enc.exp_admission_time), \'hh\')), trunc(coalesce(enc.hosp_admsn_time,\n    enc.exp_admission_time), \'hh\')),\n                             \'YYYYMMDD HH24.MISS\'),\n                     9,\n                     6)) AS ""Date Nearest 15 HrMin""', 'coalesce(enc.hosp_admsn_time, enc.exp_admission_time) AS ""Date Nearest 15 Date""', 'dd.day_of_week AS ""Weekday""', ""'HSP'   AS enc_flag""]"
D:\Brodie\Tableau_Custom_SQL\tableau_custom_sql\sql_queries\Primary Care Panel DEV\Primary Care Panel Continuity Teams Breakdown\0cab9f1f-c637-4762-a580-472447af7eaa.sql,0,0,1,0,1,0,0,0,1,[]
D:\Brodie\Tableau_Custom_SQL\tableau_custom_sql\sql_queries\Revenue Cycle Analytics DEV\Coding Productivity_Kronos Labor Extract\8f7b680e-d143-4b82-ae84-1507830daa09.sql,8,0,8,0,1,1,0,1,89,[]
